"Source:","/home/evans/Evans_stuffs/kicad/RGB/RGB.kicad_sch"
"Date:","Yaw 29 F-∆ê 2022 19:13:48"
"Tool:","Eeschema 6.0.7-f9a2dced07~116~ubuntu20.04.1"
"Generator:","/usr/share/kicad/plugins/bom_csv_grouped_by_value_with_fp.py"
"Component Count:","26"
"Ref","Qnty","Value","Cmp name","Footprint","Description","Vendor"
"C1, ","1","2.2u","C_Small","Capacitor_SMD:C_0805_2012Metric","Unpolarized capacitor, small symbol",""
"C2, C3, C4, C5, C6, C7, C8, C9, C10, C11, ","10","100n","C_Small","Capacitor_SMD:C_0805_2012Metric","Unpolarized capacitor, small symbol",""
"D1, D2, D3, D4, D5, D6, D7, D8, D9, D10, ","10","WS2812B","WS2812B","LED_SMD:LED_WS2812B_PLCC4_5.0x5.0mm_P3.2mm","RGB LED with integrated controller",""
"J1, ","1","RGB","Conn_01x04_Male","Connector:FanPinHeader_1x04_P2.54mm_Vertical","Generic connector, single row, 01x04, script generated (kicad-library-utils/schlib/autogen/connector/)",""
"Q1, ","1","BSS138","BSS138","Package_TO_SOT_SMD:SOT-23","50V Vds, 0.22A Id, N-Channel MOSFET, SOT-23",""
"R1, ","1","100R","R_Small","Resistor_SMD:R_0603_1608Metric","Resistor, small symbol",""
"R2, R3, ","2","10K","R_Small","Resistor_SMD:R_0603_1608Metric","Resistor, small symbol",""
